<?xml version="1.0" encoding="UTF-8"?>
<point_cloud version="1.2.0">
  <tracks path="tracks.ply" count="118283"/>
  <points path="points.ply" count="103392"/>
  <projections camera_id="0" path="p0.ply" count="4067"/>
  <projections camera_id="1" path="p1.ply" count="3959"/>
  <projections camera_id="2" path="p2.ply" count="4490"/>
  <projections camera_id="3" path="p3.ply" count="4153"/>
  <projections camera_id="4" path="p4.ply" count="4138"/>
  <projections camera_id="5" path="p5.ply" count="4032"/>
  <projections camera_id="6" path="p6.ply" count="3287"/>
  <projections camera_id="7" path="p7.ply" count="4585"/>
  <projections camera_id="8" path="p8.ply" count="4500"/>
  <projections camera_id="9" path="p9.ply" count="4695"/>
  <projections camera_id="10" path="p10.ply" count="4544"/>
  <projections camera_id="11" path="p11.ply" count="4243"/>
  <projections camera_id="12" path="p12.ply" count="4175"/>
  <projections camera_id="13" path="p13.ply" count="4363"/>
  <projections camera_id="14" path="p14.ply" count="4874"/>
  <projections camera_id="15" path="p15.ply" count="4678"/>
  <projections camera_id="16" path="p16.ply" count="4405"/>
  <projections camera_id="17" path="p17.ply" count="5320"/>
  <projections camera_id="18" path="p18.ply" count="4247"/>
  <projections camera_id="19" path="p19.ply" count="4698"/>
  <projections camera_id="20" path="p20.ply" count="4140"/>
  <projections camera_id="21" path="p21.ply" count="4049"/>
  <projections camera_id="22" path="p22.ply" count="5431"/>
  <projections camera_id="23" path="p23.ply" count="4755"/>
  <projections camera_id="24" path="p24.ply" count="5691"/>
  <projections camera_id="25" path="p25.ply" count="5514"/>
  <projections camera_id="26" path="p26.ply" count="6025"/>
  <projections camera_id="27" path="p27.ply" count="5967"/>
  <projections camera_id="28" path="p28.ply" count="4915"/>
  <projections camera_id="29" path="p29.ply" count="4895"/>
  <projections camera_id="30" path="p30.ply" count="4704"/>
  <projections camera_id="31" path="p31.ply" count="4208"/>
  <projections camera_id="32" path="p32.ply" count="4392"/>
  <projections camera_id="33" path="p33.ply" count="4633"/>
  <projections camera_id="34" path="p34.ply" count="4257"/>
  <projections camera_id="35" path="p35.ply" count="4196"/>
  <projections camera_id="36" path="p36.ply" count="4104"/>
  <projections camera_id="37" path="p37.ply" count="4526"/>
  <projections camera_id="38" path="p38.ply" count="4033"/>
  <projections camera_id="39" path="p39.ply" count="4266"/>
  <projections camera_id="40" path="p40.ply" count="4013"/>
  <projections camera_id="41" path="p41.ply" count="3897"/>
  <projections camera_id="42" path="p42.ply" count="4620"/>
  <projections camera_id="43" path="p43.ply" count="4001"/>
  <projections camera_id="44" path="p44.ply" count="3996"/>
  <projections camera_id="45" path="p45.ply" count="3999"/>
  <projections camera_id="46" path="p46.ply" count="4039"/>
  <projections camera_id="47" path="p47.ply" count="3081"/>
  <projections camera_id="48" path="p48.ply" count="4016"/>
  <projections camera_id="49" path="p49.ply" count="4293"/>
  <projections camera_id="50" path="p50.ply" count="4274"/>
  <projections camera_id="51" path="p51.ply" count="4244"/>
  <projections camera_id="52" path="p52.ply" count="4041"/>
  <projections camera_id="53" path="p53.ply" count="4097"/>
  <projections camera_id="54" path="p54.ply" count="4405"/>
  <projections camera_id="55" path="p55.ply" count="3987"/>
  <projections camera_id="56" path="p56.ply" count="4069"/>
  <projections camera_id="57" path="p57.ply" count="4038"/>
  <projections camera_id="58" path="p58.ply" count="4602"/>
  <projections camera_id="59" path="p59.ply" count="4642"/>
  <projections camera_id="60" path="p60.ply" count="4059"/>
  <projections camera_id="61" path="p61.ply" count="4171"/>
  <projections camera_id="62" path="p62.ply" count="4008"/>
  <projections camera_id="63" path="p63.ply" count="4055"/>
  <projections camera_id="64" path="p64.ply" count="4041"/>
  <projections camera_id="65" path="p65.ply" count="4230"/>
  <projections camera_id="66" path="p66.ply" count="4161"/>
  <projections camera_id="67" path="p67.ply" count="4047"/>
  <projections camera_id="68" path="p68.ply" count="4240"/>
  <projections camera_id="69" path="p69.ply" count="4442"/>
  <projections camera_id="70" path="p70.ply" count="3741"/>
  <projections camera_id="71" path="p71.ply" count="3556"/>
  <projections camera_id="72" path="p72.ply" count="4075"/>
  <projections camera_id="73" path="p73.ply" count="1267"/>
  <projections camera_id="74" path="p74.ply" count="4241"/>
  <projections camera_id="75" path="p75.ply" count="4027"/>
  <projections camera_id="76" path="p76.ply" count="2764"/>
  <projections camera_id="77" path="p77.ply" count="2692"/>
  <projections camera_id="78" path="p78.ply" count="2894"/>
  <projections camera_id="79" path="p79.ply" count="721"/>
  <projections camera_id="80" path="p80.ply" count="3233"/>
  <projections camera_id="81" path="p81.ply" count="3349"/>
  <projections camera_id="82" path="p82.ply" count="3006"/>
  <projections camera_id="83" path="p83.ply" count="2716"/>
  <projections camera_id="84" path="p84.ply" count="2504"/>
  <projections camera_id="85" path="p85.ply" count="3030"/>
  <projections camera_id="86" path="p86.ply" count="3415"/>
  <projections camera_id="87" path="p87.ply" count="3799"/>
  <projections camera_id="88" path="p88.ply" count="3731"/>
  <projections camera_id="89" path="p89.ply" count="3413"/>
  <projections camera_id="90" path="p90.ply" count="4181"/>
  <projections camera_id="91" path="p91.ply" count="4424"/>
  <projections camera_id="92" path="p92.ply" count="4566"/>
  <projections camera_id="93" path="p93.ply" count="4007"/>
  <projections camera_id="94" path="p94.ply" count="4061"/>
  <projections camera_id="95" path="p95.ply" count="4300"/>
  <projections camera_id="96" path="p96.ply" count="4439"/>
  <projections camera_id="97" path="p97.ply" count="4165"/>
  <projections camera_id="98" path="p98.ply" count="4160"/>
  <projections camera_id="99" path="p99.ply" count="1817"/>
  <projections camera_id="100" path="p100.ply" count="4007"/>
  <projections camera_id="101" path="p101.ply" count="4218"/>
  <projections camera_id="102" path="p102.ply" count="3973"/>
  <projections camera_id="103" path="p103.ply" count="79"/>
  <projections camera_id="104" path="p104.ply" count="4015"/>
  <projections camera_id="105" path="p105.ply" count="4059"/>
  <projections camera_id="106" path="p106.ply" count="4971"/>
  <projections camera_id="107" path="p107.ply" count="4770"/>
  <projections camera_id="108" path="p108.ply" count="4826"/>
  <projections camera_id="109" path="p109.ply" count="4224"/>
  <projections camera_id="110" path="p110.ply" count="3252"/>
  <projections camera_id="111" path="p111.ply" count="4261"/>
  <projections camera_id="112" path="p112.ply" count="5430"/>
  <projections camera_id="113" path="p113.ply" count="5829"/>
  <projections camera_id="114" path="p114.ply" count="6142"/>
  <projections camera_id="115" path="p115.ply" count="5777"/>
  <projections camera_id="116" path="p116.ply" count="5966"/>
  <projections camera_id="117" path="p117.ply" count="4595"/>
  <projections camera_id="118" path="p118.ply" count="4147"/>
  <projections camera_id="119" path="p119.ply" count="5175"/>
  <projections camera_id="120" path="p120.ply" count="4920"/>
  <projections camera_id="121" path="p121.ply" count="5262"/>
  <projections camera_id="122" path="p122.ply" count="4438"/>
  <projections camera_id="123" path="p123.ply" count="4526"/>
  <projections camera_id="124" path="p124.ply" count="4914"/>
  <projections camera_id="125" path="p125.ply" count="4248"/>
  <projections camera_id="126" path="p126.ply" count="4003"/>
  <projections camera_id="127" path="p127.ply" count="4036"/>
  <projections camera_id="128" path="p128.ply" count="4025"/>
  <projections camera_id="129" path="p129.ply" count="4095"/>
  <projections camera_id="130" path="p130.ply" count="4638"/>
  <projections camera_id="131" path="p131.ply" count="4462"/>
  <projections camera_id="132" path="p132.ply" count="2944"/>
  <projections camera_id="133" path="p133.ply" count="4160"/>
  <projections camera_id="134" path="p134.ply" count="4022"/>
  <projections camera_id="135" path="p135.ply" count="4202"/>
  <projections camera_id="136" path="p136.ply" count="4134"/>
  <projections camera_id="137" path="p137.ply" count="826"/>
  <projections camera_id="138" path="p138.ply" count="3976"/>
  <projections camera_id="139" path="p139.ply" count="1577"/>
  <projections camera_id="140" path="p140.ply" count="4229"/>
  <projections camera_id="141" path="p141.ply" count="4064"/>
  <projections camera_id="142" path="p142.ply" count="4415"/>
  <projections camera_id="143" path="p143.ply" count="4281"/>
  <projections camera_id="144" path="p144.ply" count="4284"/>
  <projections camera_id="145" path="p145.ply" count="4242"/>
  <projections camera_id="146" path="p146.ply" count="4119"/>
  <projections camera_id="147" path="p147.ply" count="4170"/>
  <projections camera_id="148" path="p148.ply" count="4599"/>
  <projections camera_id="149" path="p149.ply" count="4525"/>
  <projections camera_id="150" path="p150.ply" count="3972"/>
  <projections camera_id="151" path="p151.ply" count="3978"/>
  <projections camera_id="152" path="p152.ply" count="4590"/>
  <projections camera_id="153" path="p153.ply" count="4059"/>
  <projections camera_id="154" path="p154.ply" count="4755"/>
  <projections camera_id="155" path="p155.ply" count="4104"/>
  <projections camera_id="156" path="p156.ply" count="4170"/>
  <projections camera_id="157" path="p157.ply" count="4306"/>
  <projections camera_id="158" path="p158.ply" count="4143"/>
  <projections camera_id="159" path="p159.ply" count="3969"/>
  <projections camera_id="160" path="p160.ply" count="4150"/>
  <projections camera_id="161" path="p161.ply" count="4046"/>
  <projections camera_id="162" path="p162.ply" count="3983"/>
  <projections camera_id="163" path="p163.ply" count="284"/>
  <projections camera_id="164" path="p164.ply" count="4021"/>
  <projections camera_id="165" path="p165.ply" count="4395"/>
  <projections camera_id="166" path="p166.ply" count="4357"/>
  <projections camera_id="167" path="p167.ply" count="4085"/>
  <meta>
    <property name="match/duration" value="2998.016662"/>
    <property name="match/match_downscale" value="2"/>
    <property name="match/match_filter_mask" value="true"/>
    <property name="match/match_point_limit" value="40000"/>
    <property name="match/match_select_pairs" value="1"/>
    <property name="match/match_tiepoint_limit" value="4000"/>
  </meta>
</point_cloud>
